date,employee_title,review_title,pros,cons,advice_to_mgmt,rating_overall,rating_balance,rating_culture,rating_career,rating_comp,rating_mgmt
Mon May 13 2019 23:40:33 GMT+0000 (Coordinated Universal Time), Software Engineer,Excellent company with unbelievable potential,* Meaningful work * Smart peers * Very competitive salary,* Media cycles sometimes drive the internal company sentiments,Reward the high performers better.,5.0,4.0,5.0,5.0,5.0,5.0
Sun May 12 2019 22:08:15 GMT+0000 (Coordinated Universal Time), Compliance Analyst,Great atmosphere,"Fun environment, great perks, everyone is there to help each other",There are not many cons besides not being in love with staring at a computer screen all day.,,5.0,5.0,5.0,5.0,5.0,5.0
Sat May 04 2019 08:29:51 GMT+0000 (Coordinated Universal Time), Software Engineer,Uber 2.0 is a great place to work,"New CEO has really turned company around, and we're heading in a great direction. As a woman in tech, I feel like my experience at Uber has felt similar to the experiences I've had at other big tech companies. I'm really proud of the products we build, and I'm passionate about our company mission. Employees get an incredible benefits package, and we also receive a couple hundred dollars worth of uber credits to use on either rides or Uber Eats every month (in Seattle, the number is $290, but this is location specific). We also have catered lunch every day, and breakfast is available daily as well (yogurt, bagels, avocados for avo toast, etc), and of course a nice selection of snacks and fancy drinks. I work with amazing engineers, and I honestly have lots of fun at work.","The media storm (and internal storm) which the company underwent in the last few years left a strong impact. However, I'm convinced that it turned things around for the better, and that we're a much healthier, better company for it today.",Continue on with the cultural transformation!,5.0,5.0,5.0,5.0,5.0,5.0
Mon May 13 2019 14:09:02 GMT+0000 (Coordinated Universal Time), IT Engineer,Fun Company,Really enjoyed my time there!,No cons at all for this company,,5.0,,,,,
Mon May 13 2019 20:02:16 GMT+0000 (Coordinated Universal Time), IT Engineer,Good company,Great company to work for,No cons that I can think of,,5.0,,,,,
Wed May 08 2019 04:01:00 GMT+0000 (Coordinated Universal Time), Uber Supervisor,Pleasure to work here.,"Hospitality, atmosphere, location, snacks, drinks.",No downside on my end.,,5.0,5.0,5.0,5.0,5.0,
Wed May 08 2019 14:35:33 GMT+0000 (Coordinated Universal Time), Senior Associate,Sr associate Uber,- Culture and the People,- Pay & the Pay,,5.0,,,,,
Sat May 11 2019 12:05:07 GMT+0000 (Coordinated Universal Time), Strategy Manager,Incredible Journey,"People, people, people. Assume good intent, smart, hardworking, funny. I go to work every day because of them and they will be my friends long after i leave. Quality of work - So many fun challenges to solve. If you find one, run! and everyone supports you there. Management: This is perhaps my personal experience. Uber has done a ton to train up managers (when I joined, lots of young first time managers who didn't understand the difference b/w IC and people mgmt. That has since changed a TON or the better). Lots more structure around development conversations and 1:1s. In my experience, Uber management empowers you to chase the problems you find interesting (as long as there is business need) -- and are very supportive of folks internally . navigating the . company to find . the next role if the. current team isnt a good fit Career Trajectory and Navigation -- You can run in directions you can't even imagine in! I've had 3 roles over my past 4 years, worked across operations, strategy, analytics, growth marketing, process optimization . with even a stint in People Development. I've . had to ""find"" my next roles, and in one case, wrote the JD for it. I find that exciting because you can truly build a career you want as long as there is a happy marriage with the business need -- not much red tape there, just patience needed.","Don't expect compensation to dazzle you. Come here if you're excited to build and work with your teams, and. grow your career in a way you can't even imagine. Do not come here if money is your P0. You will always be disappointed Career Pathing - do not expect the certainty of banking/consulting promos (e.g. - 2 years and next level guaranteed etc). While we now have competencies and ladders roled out (finally!), it's very much a lattice framework in terms of career navigation. If you're ok with that, Uber is heaven as the opportunities are truly abundant. If you're not, Uber is uncertain and frustrating.",Ensuring we groom our new talent to succeed. Being able to balance the advantages of tenure with the experience of new talent.,5.0,5.0,5.0,5.0,3.0,4.0
Mon May 06 2019 22:39:16 GMT+0000 (Coordinated Universal Time), Senior Software Engineer,No shortage of interesting challenges,"* I strongly believe in the company's mission. While other top tech companies are all competing to steal your time, Uber is giving you the time back by getting you/things/food from point A to point B as fast as possible. * Almost everyone I know uses our products and it feels great to know how it works internally and to be able to influence its future. * A lot of interesting challenges with plenty of opportunities to have impact * Great team",* Uber receives a lot of attention in the news. When it's not positive - it can be discouraging,"I've seen the talent bar falling lower recently. This is discouraging. I would recommend management to watch that closely and make sure the low performers are first offered help to improve, but if that doesn't work - let go. Otherwise, the strong engineers will be demotivated and will leave.",5.0,5.0,5.0,5.0,5.0,5.0
Sun Apr 28 2019 11:55:52 GMT+0000 (Coordinated Universal Time)," Regional Operations Manager, UberEats",UberEats is a great middle-point between Startup and big Corp; learning opportunities make up for downsides,- Exciting interesting work that is impactful - Everyone is incredibly smart and motivated and quite young - True autonomy for work - Collaborative - Very fun analytical role - Very easy access to leadership and management (they are friendly + are usually like speaking to a peer),"- Pay is decent, but not really comparable; I took a 25% pay cut for this role, however there was an equity component and some other great perks (bfast & lunch at office, uber cash/month, etc.) - Less emphasis on diversity than I would like - Some people work too hard... I guess they like their jobs a lot :-) but pay isn't enough to compensate super long hours","Due to the amount of transparency at Uber/UberEats, the management is already aware of employee issues (compensation, diversity initiatives, stress management).",5.0,4.0,4.0,5.0,4.0,5.0
Sat May 04 2019 05:22:31 GMT+0000 (Coordinated Universal Time), Operations Manager,Life Changing Experience,Fast-paced quick results-type of work. Uber is a special place where “best ideas win” and you are able to make changes/innovate and see results quickly. Work-life balance was tough in the early days (necessary) and got to a very comfortable state later on. The ppl they surround you with at Uber are legends. Truly some of the smartest ppl I’ve ever had the pleasure being around. Uber changed my life and I highly recommend it as a place to work. From TK (the man!) to Dara....this place is still a rocketship taking off.,"Once Uber got big (ie: 10k+ employees), they really have a hard time tracking what ppl do and should be “cutting the fat” of ppl with no impact a lot sooner. Early employees got paid poorly for the amount of work it took to grow the company (can’t speak to what employees make now), but who cares, it was all worth it for the stock!",Hire slow and fire fast. No use keeping ppl who don’t bleed the mission arounf.,5.0,4.0,5.0,5.0,5.0,5.0
Tue May 07 2019 12:22:53 GMT+0000 (Coordinated Universal Time), Executive Assistant,Fantastic Place to Work!,"Professional, committed coworkers and management; flexibility on location (can work from SF or PAO and home sometimes); delicious food and snacks; excellent benefits and market salary; fun event opportunities (food popups, resource groups, Toastmasters, yoga, hackathons, etc.)",Quickly outgrowing the office space.,"Thank you for your commitment to create a diverse, transparent culture!",5.0,4.0,5.0,4.0,4.0,4.0
Wed May 01 2019 00:49:46 GMT+0000 (Coordinated Universal Time),,Great,"Exciting, great place to work + great people",None that I can think of,,5.0,,,,,
Mon Apr 29 2019 12:06:49 GMT+0000 (Coordinated Universal Time), Operations Manager,Great experience,Love the benefits + culture of the team,"Fast paced, constantly on the move",,5.0,4.0,4.0,5.0,4.0,5.0
Thu May 02 2019 17:40:52 GMT+0000 (Coordinated Universal Time), Uber,Driver,I love driving and 2019 I’m platinum uber driver in USA also with perfect driving record in past 19 years that I been in USA,Past 4 years I’m working as driver with uber and 2 years as driver for auto dealer in Sacramento California and still working as driver.,Only thing that is not advice just thanks if I get this job and management will see how I work hard Honest safe in anyway and you will not be sorry to have me as driver in your company or business. Thanks,5.0,5.0,5.0,5.0,5.0,5.0
Sun Apr 14 2019 23:17:01 GMT+0000 (Coordinated Universal Time), Senior Treasury Analyst,Great company and Strong Team,All the teams work really hard on all the projects and willing to walk extra miles. Always something keeps you excited.,"Work-life balance is not something that you will able to get in this company (at least at this moment). Also, special projects may come up from nowhere and take up most of your time with tons of meeting.",,5.0,3.0,5.0,5.0,4.0,5.0
Tue May 14 2019 10:00:02 GMT+0000 (Coordinated Universal Time), Program Manager,"If you like strange and unorganized, you have found the right place!",- Interesting problems to work on - Opportunity to change an industry - Work in San Francisco,- Performance reviews and compensation are dictated purely by manager - Wildly different compensation packages - Poor mid-level management - Uber ATG is unorganized and misdirected,,3.0,3.0,4.0,4.0,4.0,3.0
Mon Apr 29 2019 09:42:52 GMT+0000 (Coordinated Universal Time),,Work with smart people on hard problems,"- Solving incredibly hard, real-world problems - Work with high performing individuals - Fun, supportive working environment - Transparent and visible leadership",- Main HQ office a bit dim and crowded (can't wait for new HQ in 2020!),,5.0,5.0,5.0,5.0,5.0,5.0
Mon Apr 29 2019 09:45:13 GMT+0000 (Coordinated Universal Time), Engineering Manager,So far so good,- Exciting and inspiring mission to change the world - Dara seems like a great leader - Huge company with lots of opportunities to work on different types of problems - Good tech stack - Competitive compensation and benefits - Moves quickly for a large company,"Tech, processes, etc a bit more chaotic than I would have expected from a large company",Eng management at another big company I worked seemed to be more willing to make hard decisions on standardizing on technology and tools.,5.0,5.0,4.0,5.0,4.0,5.0
Mon Apr 22 2019 13:45:14 GMT+0000 (Coordinated Universal Time), Senior Software Engineer,Ignore the old reviews,"Relaxed work environment Interesting, large scale work Lots of trust to get stuff done","Not much, maybe better food?",None,5.0,5.0,5.0,5.0,5.0,5.0
Sun Apr 28 2019 11:06:33 GMT+0000 (Coordinated Universal Time), COE Specialist,Best Job I've Had,Benefits starting day 1 Helpful cheerful environment Uber perks Personal Training Managers that care,Office Drama Getting called out for when Internal systems do not work,Treat complaints and concerns (especially harassment) seriously.,5.0,3.0,4.0,5.0,5.0,3.0
Fri May 10 2019 11:27:46 GMT+0000 (Coordinated Universal Time),,driver,"Flexible, work as much or as little as you want",Pay scale is ambiguous. Don't always get what was advertised.,make it easier to contact you with questions or concerns.,3.0,4.0,2.0,4.0,3.0,2.0
Wed May 08 2019 15:05:50 GMT+0000 (Coordinated Universal Time), Account Specialist,"Metric driven work that is changeable, but unchallenging. Good benefits.","Good health insurance, free lunches, and Navia managed wellness expense benefit.",Inconsistent disciplinary procedure. New and ineffective workflows are regularly implemented without consultation. Poor communication from middle management.,,3.0,4.0,2.0,1.0,3.0,2.0
Mon Apr 08 2019 10:42:59 GMT+0000 (Coordinated Universal Time), Greenlight Team Leader,Uber Greenlight Team Leader,You can affect change on a high scale You get to be yourself You want to brag about what you do Ambiguity Growth Potential,Start-up type issues on HR side with lack of information or process Steep Learning Curve (If External) Pay is on the low-side for what a Team Leader should make,,5.0,4.0,5.0,5.0,3.0,5.0
Sun Apr 21 2019 21:40:38 GMT+0000 (Coordinated Universal Time),,"Great company, work hard, play hard",- Lots of opportunity - Strong local leadership - Work with super smart people,"- Very fast paced, not suited to all",,5.0,5.0,5.0,5.0,5.0,5.0
Wed Apr 24 2019 16:20:11 GMT+0000 (Coordinated Universal Time), COE SPECIALIST II,Room for Improvement.,Uber is making constant changes and there are plenty of opportunities for upward mobility. The benefits are undeniable and are what keeps people satisfied with their position. Hoping there won't be many changes to these in the future.,There is very poor communication in all forms. People that have been with this company for a long period of time have very poor work ethic and will do the bare minimum to get by. It seems like the company cares the same amount about those going above and beyond and those who are outright disrespectful in their outputs. If team leads were given more authority to make decisions and impose sanctions for poor behavior I think there would be immense changes for the better.,"Get rid of the people that aren't doing their jobs. They are toxic to the community and are making this job 10x harder for those that really care to be here. It is easy to see those people that are here for the paycheck and those who care, so listen to those employees who are constantly putting out their best work and take their comments seriously. Taking shortcuts is guiding us towards failure and so many of us are working hard to prevent that from happening.",4.0,5.0,3.0,5.0,4.0,3.0
Sun Apr 14 2019 08:16:33 GMT+0000 (Coordinated Universal Time), Senior Software Engineer,Great Place to Work,"* Changing the world. * Co-workers are super smart -- and super friendly/helpful/supportive. * Interesting work. * Good work/life balance. * Perks (like free lunch) * Constant learning * Extremely competitive compensation * ""Unlimited"" PTO * Nice offices. * Potential upside of equity","* Much less time actual coding than at some jobs. * Due to consequences of bugs getting out into the wild, very slow development process. * Potential downside of equity",Keep up the good work.,5.0,5.0,5.0,5.0,5.0,5.0
Wed May 01 2019 08:19:59 GMT+0000 (Coordinated Universal Time),,Good Employer,"Benefits, Equity, GL Department has a fun culture.",Pay isn’t awesome. Hard to communicate with other departments.,,4.0,,,,,
Wed May 01 2019 09:21:44 GMT+0000 (Coordinated Universal Time), Content Coordinator,"Highly developmental, but uncoordinated.","Uber is great for developing professional skills, and is wonderful for someone who takes initiative and is creative. If you are employed by Uber, take advantage of the WEALTH of development opportunities!","As things are changing so much, Uber struggles sometimes to maintain structure internally. People are constantly changing roles and priorities, so sometimes things get buried or forgotten. While working for Uber, you MUST try to stay organized.","Be transparent to employees. Trust employees. Don't keep secrets that affect employee's well-being and careers. There is a lot of bureaucracy, which needs to change.",4.0,4.0,4.0,4.0,5.0,2.0
Wed May 01 2019 22:12:11 GMT+0000 (Coordinated Universal Time), Strategy Manager,Drone,"Various reasons, nothing in particular",Nothing in Particular Various reasons,,4.0,3.0,4.0,3.0,4.0,4.0
Mon Apr 15 2019 06:47:24 GMT+0000 (Coordinated Universal Time), Director,Awesome Experience,"Intelect of my peers, fun and challenging work, transparency and communication from the top",Poor coordination and communication between departments and low quality of information/data as a result of rapid growth,Continue to be communicative and approachable and mindful of the impact of overhead cost.,5.0,3.0,5.0,4.0,4.0,5.0
Mon Apr 15 2019 13:16:42 GMT+0000 (Coordinated Universal Time), Paralegal,Wonderfully positive and innovative team.,The people here are the best. So welcoming and brilliant.,Pool seating for some team members.,,5.0,5.0,5.0,5.0,5.0,5.0
Mon Apr 15 2019 19:01:59 GMT+0000 (Coordinated Universal Time), Uber Expert,Good Company to work for.,"Good opportunities for growth awaiting the company. Good perks, like free lunch. Good benefits.",Not open enough hours for the partners.,keep the good work.,5.0,5.0,5.0,5.0,5.0,5.0
Sun Apr 14 2019 15:07:04 GMT+0000 (Coordinated Universal Time), Account Representative,Great Place to Work!!,-Great Benefits -Great Office Spaces - Fast Paced -Smart Collaborative Teammates - Great Co-workers -Fun environment,Things are always changing,Keep doing what you're doing!,5.0,4.0,5.0,4.0,4.0,5.0
Sun Apr 07 2019 10:23:27 GMT+0000 (Coordinated Universal Time), Principal Sourcer,Great Recruiting Environment,Very collaborative teams Managers that listen Many tools available to us Reasonable KPIs Hiring Managers really want to partner with Recruiting,There is a lot of work to do here - while we do have opportunities to take time to ourselves with PTO - you can easily find yourself behind if you are not good at time management.,,5.0,4.0,5.0,5.0,5.0,4.0
Fri Apr 19 2019 21:19:01 GMT+0000 (Coordinated Universal Time),,Not worth it,"Benefits, uber credits, schedule, the people working there","Not enough pay, get overlooked, management was bad",,3.0,,,,,
Tue Apr 09 2019 10:21:58 GMT+0000 (Coordinated Universal Time),,Great learning experience for a new grad,"Really, really smart people to work with.",Tough work load for everyone during that.,,5.0,,,,,
Fri Apr 19 2019 15:53:21 GMT+0000 (Coordinated Universal Time), Delivery Driver,Uber eats,"Open schedule, no boss, blah.","Bad pay, badpay, bad pay",Pay better,2.0,4.0,1.0,1.0,2.0,1.0
Tue Apr 23 2019 13:51:10 GMT+0000 (Coordinated Universal Time), Account Representative,Uber Eats Account Representative,Great perks Great team environment Great opportunities of career development,Pitching restaurant owners can be very difficult and frustrating,,4.0,5.0,4.0,5.0,4.0,5.0
Mon Apr 08 2019 08:58:25 GMT+0000 (Coordinated Universal Time),,Collaborative and Welcoming,"Experienced employees, collaborative teams, mission-driven, welcoming","Space... we're growing so fast, it's difficult to book conference rooms when needed.",Keep pushing the team in the right direction. I feel honored to be a part of the company.,5.0,4.0,4.0,5.0,3.0,5.0
Fri Apr 19 2019 12:14:27 GMT+0000 (Coordinated Universal Time), Senior Software Engineer,Boiler Room Environment with inexperienced managers,Good leadership Uber Credit,"It is still filled with incompetent managers. The work-life balance is terrible and not a friendly place for employees with families and kids. They have a generous parental leave but most people do not take advantage of it because you are looked down upon. Also, when it comes to perf (performance review) you miss out on career progression if you go on parental leave. The company is not inclusive for working parents.",Hire better managers with an inclusive mindset.,2.0,1.0,1.0,2.0,4.0,3.0
Sun Apr 21 2019 13:16:40 GMT+0000 (Coordinated Universal Time),,Uber driver,Make your own schedule and meet new people,Never know what type of paycheck you’ll get that week,,3.0,,,,,
Sun Apr 07 2019 00:11:25 GMT+0000 (Coordinated Universal Time), Operations Support Specialist,Expert at Uber,Benefits. Professional Development. Flexibility. Culture.,Lack of autonomy. Lack of organization and structure.,,5.0,5.0,4.0,4.0,5.0,3.0
Sat Apr 20 2019 05:15:35 GMT+0000 (Coordinated Universal Time), Operations and Logistics Manager,It's a great challenge,Challenging work that builds your skillset for what the future will require,Realtime responsibilities lead to less personal time,,4.0,2.0,3.0,4.0,3.0,3.0
Sat Apr 20 2019 12:03:15 GMT+0000 (Coordinated Universal Time), Onboarding Specialist,Typical Startup Culture,Management did best to try and cater to all employees. Communication between departments was good but you had to really try to get answers,See what sticks style management was at times stressful as flows were changed constantly.,,4.0,4.0,4.0,4.0,4.0,4.0
Tue Apr 02 2019 16:07:55 GMT+0000 (Coordinated Universal Time), Delivery Driver,Good college job,Super flexible Chose your own hours,Not always a good time to make money,,5.0,5.0,5.0,1.0,4.0,5.0
Fri Apr 19 2019 10:47:17 GMT+0000 (Coordinated Universal Time),,Woot,Good company i guess easy money,I think we should get paid more money,,3.0,,,,,
Wed Apr 03 2019 08:58:21 GMT+0000 (Coordinated Universal Time), Senior Engineer,Good place to work,"Talented people, good food, excellent project and support from the company",Pittsburgh is not a lively city,,5.0,5.0,5.0,5.0,5.0,5.0
Wed Apr 03 2019 18:39:32 GMT+0000 (Coordinated Universal Time),,Great for part time,Meeting new people and going different places,Waiting for a ride request,,5.0,,,,,
Wed Apr 17 2019 22:49:36 GMT+0000 (Coordinated Universal Time), Delivery Driver,Uber Eats,This is a flexible and relatively easy way to earn some part-time money if you have the time and enjoy driving around and finding new places to eat.,"It may depend on your area, but you will probably have to deal with some traffic headaches, slow restaurants, and wear and tear on your car. After adding up expenses: gas, insurance, taxes, etc... your hourly pay rate will not be so great, and you might realize that it's not really worth your time, the risk, and the miles that you put on your car in the long run.",,3.0,,,,,
Sun May 05 2019 19:25:19 GMT+0000 (Coordinated Universal Time), Rideshare Driver,Evil Stay Away,You can serve the public for intolerable wages if that's what you're looking for.,"If you're ready to be manipulated in just about every aspect of your life as you pick people up for this Shady company called Uber then sign right up. It is positively dangerous driving around getting routed constantly getting called on the phone getting long pickup requests suddenly, not getting to clear your bonuses because you suddenly (and conveniently) stop getting trip requests right before you need to complete one last trip before you for a meager bonus then this is for you. They will lie to you blatantly about issues like getting paid fairly and they will just grit their teeth and tight fist what you are owed. This is one evil, hateful business.",Sell your shares asap,1.0,1.0,1.0,1.0,1.0,1.0
Tue Apr 09 2019 18:49:34 GMT+0000 (Coordinated Universal Time), Customer Service Representative,Fine,Steady employment Fun culture Location flexible,Bad pay .Org Changs often Bad customers,,3.0,4.0,3.0,2.0,3.0,
Fri Apr 12 2019 14:37:11 GMT+0000 (Coordinated Universal Time),,Uber,be your own boss and create your schedule,Tough to earn a living,,3.0,,,,,
Thu May 02 2019 22:13:01 GMT+0000 (Coordinated Universal Time), Technical Sourcer,Do not work here!,Young vibrant team with the perks of a big company - benefits and flexible work hours. Employees get promoted fast here.,"The sourcing team is too large with a lot of overlap, meaning that everyone is sourcing for the same talent. You become a disposable number and you can be replaced at any given time. The team here is not inclusive and management plays favorites. If you are on a contract you are expected to produce double the amount of work as full time employees and you will never see the light of day. The technical sourcing team struggles with transparency for employees and has unmanageable expectations in terms of metrics. Along with that, the food is disgusting.",,1.0,1.0,1.0,4.0,3.0,1.0
Fri May 03 2019 04:43:50 GMT+0000 (Coordinated Universal Time), Driver,Driver,It was fine working there,I don't mind working there,"None,",1.0,1.0,1.0,1.0,1.0,1.0
Wed Mar 20 2019 14:55:34 GMT+0000 (Coordinated Universal Time), Engineering Manager,Engineering-driven and fast-paced company,- Smart and qualified engineers - New management is fixing a lot of the legacy cultural and organizational issues - Engineering-driven culture - technologies are streamlined across the organization - Fast-paced environment where decisions are made quickly and allows to move fast - Focus on getting things done and allows for innovative solutions,- Tools and processes are being created and re-created as the company is still relatively new - Processes are not very established and are still being introduced - Pretty involved and lengthy performance review process - could be streamlined,"You're definitely on the right path. Continue to stay focused, innovate, be smart, and make tough decisions if needed!",5.0,4.0,5.0,5.0,4.0,5.0
Sat Mar 23 2019 22:24:29 GMT+0000 (Coordinated Universal Time), Senior Software Engineer,Feels like a rocket ship.,Incredibly smart people who believe in the mission of the company,Not a good place to “rest and vest”,Keep on crushing it :),5.0,4.0,5.0,5.0,5.0,4.0
Tue Feb 26 2019 07:35:14 GMT+0000 (Coordinated Universal Time), Director,"Thoughtful culture, challenging environment.","Culture transformation is real and the focus on inclusivity is legit - not a PR stunt or stance in reaction to the company's troubled past. The work is exceptionally challenging, but engaging in that its meaningful and fun.","There is no way to complete all assigned and proactive work during even expanded business hours (most roles here are 60 hours or so, just to keep up). I do not see this as a true con because it was expected, however I feel this is a need to know going in.",,5.0,2.0,5.0,3.0,4.0,4.0
Fri Apr 05 2019 13:19:56 GMT+0000 (Coordinated Universal Time),,uber partner,time free thats it,hard work slow days,,4.0,3.0,4.0,4.0,4.0,4.0
Tue Mar 19 2019 12:33:49 GMT+0000 (Coordinated Universal Time),,Fun Part Time Gig for Extra Money,Flexible work hours and good pay,Staying in the car for the whole shift can be tough.,,5.0,,,,,
Mon Mar 18 2019 19:15:02 GMT+0000 (Coordinated Universal Time),,Great,"Amazing benefits, great company culture, wonderful management","no, none at this time.",,5.0,,,,,
Sun Mar 17 2019 12:37:26 GMT+0000 (Coordinated Universal Time), Senior Software Engineer,Amazing,"Good talent, products and new company culture!",More consistent across-team management style,,5.0,5.0,5.0,5.0,4.0,4.0
Sun Mar 17 2019 14:47:12 GMT+0000 (Coordinated Universal Time), Senior Software Engineer,Great place to work,"Uber has a lot of world class technologies, and our team members are also nice to work with, so Uber is a great place to work, especially it can help us grow.",Revenue slow down significantly recently,,5.0,5.0,5.0,5.0,5.0,5.0
Sun Mar 10 2019 00:29:00 GMT+0000 (Coordinated Universal Time), Team Lead,The Best Place I Have Ever Worked At.,The benefits are amazing. The culture is strong. Intelligent and able people who care about the work they do. Leadership is fantastic. Opportunities are endless. Leadership cares about doing the right thing both by our partners and riders as well as the employees. FOOD. You will barely have to go grocery shopping.,As with all startups (C.O.E. is still very much a startup environment) change is constant and is not always well communicated. Not a lot of senior leadership if you end up working a night shift.,Be more proactive about communicating change to the people it will be affecting the most.,5.0,3.0,5.0,5.0,5.0,5.0
Thu Mar 28 2019 15:53:24 GMT+0000 (Coordinated Universal Time), Autonomous Vehicle Operator,Great Benefits,"Benefits, people, salary, team work!",Ended program. Wish I could have stayed on longer,Need more organization and experienced management.,4.0,5.0,3.0,3.0,5.0,2.0
Wed Apr 17 2019 19:40:34 GMT+0000 (Coordinated Universal Time), Engineer,stressful,good pay and good benefits,lack of communication bad management bro culture still exists,,1.0,2.0,1.0,4.0,4.0,1.0
Wed Apr 17 2019 12:05:12 GMT+0000 (Coordinated Universal Time), Delivery Driver,Not good,Can get paid out the same day up to five times with their GoBank card - work whenever you want,BUT - the pros literally dont matter if there is no business- Maybe it's my area but there are rarely orders and they started paying lower rates for the orders you do get and customers RARELY tip - not worth the time or gas money you spend driving around - if you feel like waiting around all day to make 5 - 20 bucks go for it. Would really not recommend unless you are absolutely desperate which I was in between jobs. The weekends even started dying down - used to at least count on those times - and I have a 100% satisfaction rating from customers so I know it's not me. Sitting here for an hour waiting for an order and applying to other jobs as we speak 🤦‍♀️,Make it easier for drivers to contact your staff when problems arise and pay a fare wage for services- maybe do some more advertising in certain areas to increase deliveries,1.0,2.0,1.0,1.0,1.0,1.0
Tue Mar 12 2019 06:29:54 GMT+0000 (Coordinated Universal Time), Freight Operations Coordinator,Strong Cultural Norms,"Uber is a work place that is putting in the effort to have strong cultural norms and take care of their employees. Breakfast and lunch are provided daily, great health and wellness benefits, education benefits and opportunity and monthly Uber credits. Ability to work from home; opportunity to travel.","No cons overall cons. The work is hard and challenging, but that is not necessarily a bad thing.",,5.0,5.0,5.0,4.0,4.0,5.0
Tue Apr 16 2019 16:53:28 GMT+0000 (Coordinated Universal Time), Escalations Agent,Disband the current Riders Trip Escalations LOB,"In the Downtown Area Hourly pay Good Insurance Looks good on your resume Nice perks - like reimbursements, credits Outstanding benefits","Leads tendency to misinterpret or downplay certain situations due to bias Leads in this particular LOB have a conflict of interest as they have become friends with agents Lack of respect among agent/leads/team Discombobulated Leads that are there more so to entertain agents and have time pass by Agents in the Rider Trip Escalations LOB are abusive towards the policies set in place by Uber - sleep while working overtime, coming in later than the grace period due to lead adjusting the time to avoid quarrel with agent, verbal bullying on the floor and having the support of other agents who they have be-friended The Escalations Agents in this LOB are toxic and the leads and agents need to be disband Leads should not manage the current agents in this LOB as there is a definite disarange environment As some agents get c360 agents 'NRN tickets back such as thank you's' the TPH among agents are not properly accounted for as they are not equally disbursed","Please note the cons giving here and take accountability for the agents that are currently representing the company. Agents that are content have been here solely for this reason. Not because they add value to the company. I do not need to speak to anyone 'offline' nor is there much more to dig 'deeper' in. It is all stated here. Please note, agents typically leave a negative work environment, team, lead or management, which was in my case as I loved the company and the brand in which I worked for.",1.0,3.0,1.0,2.0,5.0,1.0
Tue Mar 26 2019 07:43:18 GMT+0000 (Coordinated Universal Time), Customer Service Representative,Positive Experience,"Fair compensation, free lunches, Uber credit",There are always constant changes,,3.0,3.0,4.0,3.0,4.0,3.0
Sun Apr 14 2019 15:10:47 GMT+0000 (Coordinated Universal Time), Route Driver,Exploiting your own car and then they kick off as you are a piece of garbage!!!,"No personal profile or personality matters! I had over 2,000 rides with a rating of 4.92 out of 5.0 and my riders loved my knowledge of the city and wrote good reviews but it didn’t matter! I was no good because smb decided write fake reports on my name! Very good way to be liability free, but just like everyone and everything the consequences are around the corner!","In only few months I put over 25,000 miles for a brand new car the depreciation value of the car might cover the $7,200 that I made??? I wonder!!","Be a bit more personal! I know it’s a billion dollars company, but that’s what it will make it worth that money!",1.0,3.0,1.0,1.0,1.0,1.0
Sun Mar 10 2019 08:17:38 GMT+0000 (Coordinated Universal Time), Diamond Rider Concierge,"Great culture, excellent experience!","This place has literally been mind blowing! Amazing place to work. Culture is great. Training is more than thorough, and you are always learning something new. Benefits are hands down the best I have had in many years. Lots of great perks and other benefits. So much that it is hard to remember is all. Trainers and leads are super helpful. If you fail at this job, basically you didn't want the job in the first place. Uber is here for your success on the daily. Can't say enough great things. We have so much to offer here.","I really don't have any cons. I guess if I had to put something down, it's I hope for a shift in the future that is not inclusive of a Saturday or Sunday. This is a 24/7/365 job, so it is to be expected.",Just keep listening and learning. We're all in this together.,5.0,4.0,5.0,5.0,4.0,5.0
Thu Mar 21 2019 08:03:17 GMT+0000 (Coordinated Universal Time), Account Specialist,Fun Work Environment,"Dog friendly office, happy hour every other week, fun office, free catering everyday. Good benefits, they pay for your gym and reimburse for parking",Terrible Pay. You can’t grow within the company. Good for fresh out of high school students,,4.0,5.0,2.0,2.0,3.0,3.0
Wed Apr 10 2019 06:56:10 GMT+0000 (Coordinated Universal Time),,Stay away from the social media team,"Good benefits, nice people, paychecks",The social media team is pretty clueless and the cluelessness leads to unnecessary drama.,Fix it,1.0,1.0,1.0,1.0,1.0,1.0
Tue Apr 09 2019 18:40:46 GMT+0000 (Coordinated Universal Time),,"Evil, evil place",The salaries are decent. It's great if you're a white guy.,Toxic culture. Promotions not based on qualifications or performance.,,1.0,1.0,1.0,1.0,5.0,1.0
Mon Mar 18 2019 10:28:21 GMT+0000 (Coordinated Universal Time), Marketing Manager,Smart people; Great projects; Terrible bureaucracy,"-Work with amazing people -Work on really cool, unique projects",-Bureaucracy is a major problem -Lot's of re-orging as the company is prepping for IPO,"Listen to the feedback that employees are providing via the culture survey, etc.",3.0,4.0,4.0,2.0,2.0,4.0
Sat Mar 16 2019 02:33:15 GMT+0000 (Coordinated Universal Time),,"An evolving company, but a GREAT place to learn a lot!","Fast paced culture, you learn a lot.",High stress environment doesn't make for the best productivity,Do better with distilling information downwards,4.0,3.0,3.0,5.0,4.0,4.0
Tue Mar 05 2019 15:11:40 GMT+0000 (Coordinated Universal Time),,It has SO much potential to be a GREAT place to work!,"+Good compensation +Great health benefits +/- ""Flex"" work and unlimited PTO (This can be good, but it has issues.)","-/+ ""Flex"" work and ""unlimited"" PTO - Disorganized managers/managers who lack, experience - Managers play favorites - HR I would have given a one-star rating if not for the amazing potential of this company! Uber could really go places. But the company is its own worst enemy. Quality work is not rewarded. It's not even encouraged. The focus is on how fast can you turn out a product; not how good of a product can you turn out. Other departments may be different, but I doubt it. The ""just-throw-something-together-quickly"" mentality permeates many departments I have interacted with. Most people on my team are just waiting for the IPO and the post-IPO waiting period, and then they will cash out and move on for this very reason. You can't treat smart, innovative people like piece-work factory workers and expect them to stick around. To HR: You're not as smart as you think you are. That is not to say you are not smart; It's to say that you think employees are naive and easily-manipulated Kool-Aid-drinkers. And, oh, you love your Kool-Aid. Your cheerleading sessions are impressive. Varsity-worthy. I'm all for positivity and pep talks but in organizations that want to innovate, positivity needs to be tempered with a tolerance for healthy challenge and conflict. I'm not talking about being mean or demanding here; I'm talking about allowing a safe environment for people to present dissenting opinions and different ways of doing things, without managers becoming defensive or bashing you for not being a Pollyanna. For all their talk of diversity and inclusion, diverse opinions are not welcome at Uber. (At least not in my department. I would hope in mission-critical product operations dissension for invention is enouraged.) Innovation only applies to the high-profile products (Elevate, autonomous vehicles, app updates.) Any department that is not in a direct consumer-facing or transportation product development role gives lip service to innovation, but are stuck in archaic ways of doing things, which I find quite odd for a tech company. Despite this, employees in these departments are killing it with creativity with what they have to work with. The phrase there is ""with what they have to work with."" The reason I put flex and unlimited PTO as both a pro and a con is because it's sort of a mirage, or a shell game. If you work a weekend day, you can take a week day off, ""if"" you don't have any work to do, or you can ""flex"" and get your work done another time. Well, there are too many meetings and too much ambiguity and too much work and too much lack of direction to allow for any efficient work processes at all. I know PTO and work/life balance is different based on department and roles. But much of the overwork could be eliminated with thoughtful processes and clear objectives and, frankly, competent management. Honestly, sometimes with managers it's like the blind leading the seeing. Many of the reviews mention that this is a ""startup,"" which they use to excuse the ambiguity, haphazard processes, and chaos. (And make not mistake, it is chaotic here.) You can't call a company that is a decade old and has 12,000 global employees a startup. It's time for Uber to grow up. After ten years, it's time to figure out plans, procedures, and processes for each department. And hire managers with mature mindsets. (I don't mean ""old"" mindsets; I mean mature mental processes.) Many managers here run around like headless chickens. (Some managers, however, are quite competent and effective, but they are the rarity.) Most people on my team, even if they like working for Uber, are frustrated in their job because they are not given proper time to develop quality products and ideas. Managers (again, only speaking for my department here) are quick to throw some employees under the bus, while coddling others. Favoritism reigns supreme. So, with so many ""cons,"" why am I still at Uber? No, I don't think I'm masochistic (although I am beginning to question this the longer I remain here.) I am hoping against hope that after the IPO that shareholders will put pressure on the company to change its ways and mature into the organization it is capable of becoming (er, I hope it is capable of becoming a great organization, anyway). And that includes a path to profitability. The company has made positive ""for show"" strides post-Travis, but only because the company was forced to in order to get its house in order for the IPO. Without outside media pressure and the public comments of some previous employees, I doubt the company, internally, would have been motivated to change on its own. Everything now is a show for IPO. What the company turns into after that will tell the real story of what the company is, or is not, made of.","Hire experienced, competent managers, be honest with your employees, encourage outside ideas (and don't stay stuck in the ""not-invented-here"" syndrome), treat all employees as close to the same as reasonably possible, and do what top companies do to engage employees: allow them to do the work they are capable of doing. Perks are great, but perks are not culture. Don't confuse the two, which you seem to do now.",2.0,,,,,
Tue Mar 12 2019 12:20:06 GMT+0000 (Coordinated Universal Time), Business Development Manager,Bad place to work. Do not work here,"Free food, brand name","People are terrible and sexist. No one is nice, people say it’s a burning ship",,2.0,1.0,1.0,2.0,2.0,4.0
Wed Feb 27 2019 09:10:27 GMT+0000 (Coordinated Universal Time), Uber Expert,Expert,Excellent benefits including Uber cash for personal use (ride share of Uber eats),None so far. Happy to be here,Keep up the good work!!!,5.0,5.0,5.0,5.0,4.0,5.0
Tue Feb 26 2019 15:17:09 GMT+0000 (Coordinated Universal Time), Software Engineer,Best Company I have ever worked for,"Solid people, lean company, very little internal politics and beurocracy, Open source friendly, good compensation, great management, everyone optimistic about the future of the company",workload might be more than other older tech companies,,5.0,3.0,5.0,5.0,5.0,5.0
Wed Mar 06 2019 14:20:28 GMT+0000 (Coordinated Universal Time), Product Manager,Underpaid but interesting problem space,Interesting Problems to work on at ATG that are relevant to the industry and long-term company roadmap.,"Underpaid, dysfunctional organization, lacking proper leadership","Value your employees more, get your vision and thoughts together, do more to prevent top talent from leaving and creating their own startups, eradicate the ENREC hierarchy/boys club.",3.0,2.0,2.0,4.0,2.0,2.0
Thu Mar 07 2019 16:27:44 GMT+0000 (Coordinated Universal Time), Operations Commander,"Lots of opportunities, but lots of room for improvement",Job was created for me and a small group of individuals who had a penchant for learning systems quickly and fixing things.,"Company relied too much on this new position and took advantage of the fact that it was a ""new"" position- ending up with LOTS of overtime, doing duties far beyond the original scope, yet paying us the same as the entry level positions who reported to us!","Do what you can to show that you care about those who work hard, instead of driving them away.",4.0,3.0,2.0,5.0,4.0,3.0
Thu Mar 07 2019 08:32:35 GMT+0000 (Coordinated Universal Time), Senior Software Engineer,Redline,You build a fun and green product. And learn from skilled peers how in general to build scalable and robust systems.,"Overworking, harassment, mismanagement, its all true. Add to that compensation that is significantly skinnier than the competition, no 401k match, vacation only at discretion of manager, etc.",Ditch the nightclub atmosphere. The new CEO is a positive change but not enough.,2.0,1.0,1.0,1.0,2.0,2.0
Sat Mar 09 2019 13:36:33 GMT+0000 (Coordinated Universal Time), Customer Service Representative,Negative experience,Got some good experience while there.,Horrible company culture and leadership.,,2.0,,,,,
Sat Mar 09 2019 08:27:39 GMT+0000 (Coordinated Universal Time),,For the Brave and Intrepid...,"Flexible schedule, constant travel to new places, instant payment","Long hours counter to family activities, traffic, and drunks....",Improve driver communications and compensation for top drivers.,4.0,2.0,3.0,3.0,,
Thu Mar 28 2019 23:52:44 GMT+0000 (Coordinated Universal Time),,Extremely disappointing experience,Great opportunities to work on exciting projects.,Ruthlessly competitive environment with people displaying behaviors that are unhealthy and unprofessional. On some teams the environment is toxic. No work life balance. Some managers are poorly trained and fail their team members.,Hold team members accountable for their behavior and lack of competency in their role - either manager or IC roles. Don’t play favorites.,1.0,1.0,1.0,3.0,4.0,2.0
Thu Mar 07 2019 15:04:54 GMT+0000 (Coordinated Universal Time), Data Scientist,Data Scientist Role in Uber,"Infra is well built. Lots of support from Eng team, which is easy to deal with. Get exposure to many business problems from different internal clients.",Pay is on average in Tech in Bay area,,4.0,4.0,4.0,4.0,3.0,3.0
Wed Mar 06 2019 18:26:57 GMT+0000 (Coordinated Universal Time), dvo,Great all around place,"Great pay, benefits, work environment, hours, location. They bend over backwards to do right by their employees.",Sometimes you seem like your voice is not heard loud enough.,,4.0,5.0,4.0,3.0,5.0,3.0
Tue Feb 19 2019 07:16:58 GMT+0000 (Coordinated Universal Time), Design Manager,Uber is an amazing place to do your best work. Loads of opportunity building the future of mobility.,"- Exciting future in the making - Smart and mindful leadership - Not your basic big tech company - Move fast, make impact",- Crowed office space till new HQ in 2020 - Room for improvement on cross collaboration,,5.0,4.0,4.0,5.0,4.0,4.0
Tue Feb 19 2019 18:42:04 GMT+0000 (Coordinated Universal Time), Data Scientist,Amazing Data Driven Culture,Best place learn and grow. A lot of interesting problems and you get rewarded with your hard work. High emphasis on employee growth.,Nothing to complain. Problems are so interesting here. You may work too hard unconsciously.,,5.0,3.0,5.0,5.0,5.0,5.0
Sat Mar 02 2019 13:47:09 GMT+0000 (Coordinated Universal Time),,Uber,Great opportunities; great colleagues; growth; innovative,Can be stressful; Lack of mentorship,,4.0,,,,,
Mon Feb 18 2019 08:44:24 GMT+0000 (Coordinated Universal Time),,It's really a great thing to do in free time,make money when you want,none that I can think of currently,,5.0,,,,,
Thu Feb 28 2019 10:23:30 GMT+0000 (Coordinated Universal Time), Uber Expert,"Good benefits, Bad Pay","Special locations get a fully stocked fridge, cabinets of snacks, and a soda fridge. Others you get compensated for $10 for your lunch. You also get Uber Credits each month if you're full time, and the benefits are amazing as well. You get dental, vision, health, mental, maternity, etc.","You will be underpaid, be expected to deal with very difficult Uber drivers who are technologically challenged and don't understand basics of life. You will also be promised a bonus structure, that really isn't anything and you only get it every 3 months. You'll also be asked to go above and beyond and help do your lead's jobs for no compensation when they are short staffed. (which is often)","Pay your employees more for all the things you expect of them. Benefits do not equal pay, especially in somewhere like Los Angeles where the living cost is so high.",3.0,3.0,3.0,2.0,3.0,2.0
Thu Feb 28 2019 08:35:34 GMT+0000 (Coordinated Universal Time), Spot,Great opportunity,Great opportunity to grow within the field of Operations,There are more positives than negatives,,4.0,4.0,5.0,5.0,3.0,3.0
Thu Feb 28 2019 15:43:44 GMT+0000 (Coordinated Universal Time), Senior Product Operations Manager,Great place to solve global problems,- global projects - complex problems to solve - relevance with society - talented people - better work/life balance,- culture has changed from growth at all costs to very corporate - not as innovative and fast (things move slow now) - most of the OGs are gone - senior leadership in Ops and Product was not that strong - people team needs to improve - needs better comp,,4.0,4.0,3.0,4.0,2.0,3.0
Mon Feb 25 2019 08:00:02 GMT+0000 (Coordinated Universal Time), Claims Associate,Review Headline,Benefits location perks perks perks,Cultural norms lack of transparency,Train managers,2.0,3.0,1.0,3.0,5.0,1.0
Tue Feb 12 2019 07:35:22 GMT+0000 (Coordinated Universal Time), Senior Global Program Manager,"Free Medical, Monthly Wellness Credits, Uber Credits AND Fertility Benefits!","Uber understands Comp beyond base pay ... Flexible time off, free medical coverage, Uber Credits, Wellness Credits and even Fertility benefits! Of course the stock options and bonus potential are great. It is awesome to see a company thinking about the full picture of an employee's needs. Look around at other traditional brands in banking, retail, logistics and you are not going to find these awesome ""living"" perks. Great culture in today's environment where you feel the effort of doing the right thing actually taken seriously.","Not a con if you enjoy what you do ,,, but there is ALOT of work to do and the pace is intense. It's an exciting busy feeling but also easy to get sucked into a 12 hour work day and not realize it.",,5.0,5.0,5.0,5.0,5.0,5.0
Mon Feb 11 2019 19:48:25 GMT+0000 (Coordinated Universal Time), Delivery Driver,Best job ever!!!!!,Everything . Easiest money you’ll ever make. You’re your own boss. How much money you make depends on your hustle. I work two shifts one from 9 to 2 and another 5 to 9. 15-25+ a hr,Traffic is the only con I have a lot of people complain about the app but I personally have found out it’s more of a phone network issue these phone companies are terrible majority if not all of my app glitches is because of SPRINT,,5.0,,,,,
Sun Feb 03 2019 17:03:17 GMT+0000 (Coordinated Universal Time), Tracking Support Agent,GREAT JOB,- Monthly Uber Credits - Catered Lunch - Unlimited Snacks,- Management has favorites,,5.0,3.0,5.0,5.0,5.0,1.0
Tue Feb 05 2019 08:41:41 GMT+0000 (Coordinated Universal Time), Senior Systems Engineer,So Far So Great,"Great team with interesting problems to solve at large scale. Lot's of autonomy to work on the projects where you can maximize impact. Leadership team is open, honest, and inspiring.","It has become a large company very quickly, so some of the staff that have been here since Uber's early startup days are having trouble adapting to the inevitable shifts (process, compliance, etc.). Some of the leadership that have been here a long time seem slightly out of their element.",,5.0,4.0,5.0,5.0,5.0,5.0
Thu Feb 21 2019 17:56:18 GMT+0000 (Coordinated Universal Time), Coordinator,Company needs to start promoting work-life/balance,"-Benefits -Perks, (Food, Uber Credits, Gym Reimbursements)","No work-life/balance, extremely long hours and weekend work. I understand the business is at the forefront of the market with innovation and the IPO approaching but in order to keep employees post-ipo this needs to be reinforced.","Learn to prioritize, expand head count for certain departments giving employees time to breathe.",3.0,1.0,2.0,3.0,5.0,4.0
Thu Feb 07 2019 01:12:06 GMT+0000 (Coordinated Universal Time),,Trying to review another job,Nothing to complain about,Except maybe no hot foo holder,,5.0,5.0,5.0,5.0,4.0,
Thu Feb 21 2019 14:38:44 GMT+0000 (Coordinated Universal Time), Marketing,Loving my new Job,"Great management, competitive pay package, learning new skills",the hours are long but it varies,,4.0,,,,,
Tue Feb 05 2019 10:42:16 GMT+0000 (Coordinated Universal Time), Marketing Manager,Best work/life balance,"Unlimited PTO, ability to work from home whenever needed, food + gym provided, great culture, coworkers who challenge and motivate you.","Incredibly competitive, employees overwork themselves at times.",,5.0,5.0,4.0,5.0,5.0,4.0
Tue Jan 29 2019 08:37:13 GMT+0000 (Coordinated Universal Time), Freight Operations Coordinator,Uber - Freight AMAZING,"- Open community working space - Desk Autonomy - Solution Based, New ideas ALWAYS welcomed - Breakfast, Lunch *Dinner provided",- A lot to tackle each day,"- Take more days off, it'll encourage team to have a healthier work/life balance",5.0,3.0,5.0,5.0,5.0,5.0
Fri Feb 15 2019 16:02:39 GMT+0000 (Coordinated Universal Time),,great benefits,free insurance uber credits that you can use on eats,poor to no communication from management,,3.0,3.0,2.0,2.0,5.0,1.0
Mon Feb 18 2019 10:21:39 GMT+0000 (Coordinated Universal Time),,Great Place,"Amazing Benefits, Sincere co-workers, Amazing office",Lots of Overtime Can be stressful,,4.0,3.0,4.0,4.0,5.0,4.0
Fri Feb 15 2019 19:29:06 GMT+0000 (Coordinated Universal Time), COE SPECIALIST II,Pretty easy job not suited for people who like to be challenged,Lots of small perks and good health insurance. They give you free uber rides at the beginning of the month.,Things are changing as far as culture. Its not terrible but certain things are irritating.,,4.0,3.0,3.0,5.0,4.0,3.0
Fri Feb 15 2019 21:44:49 GMT+0000 (Coordinated Universal Time), Sales Specialist,A taxing position,Hours are flexible Enjoyable co-workers Easy to use app to pick up shifts,Performance put under a microscope A lot of out of work responsibilities Locations vary and may be out of the way People are let go with little notice,,2.0,2.0,4.0,2.0,3.0,4.0
Wed Jan 30 2019 10:25:07 GMT+0000 (Coordinated Universal Time),,Best Job I have ever had,They care about my work life balance and the benefits astonish me everyday,Nothing I have experienced yet,,5.0,5.0,5.0,5.0,5.0,5.0
Tue Feb 05 2019 12:15:13 GMT+0000 (Coordinated Universal Time), Program Manager,Work /work balance,"they revamped their salary and equity structure once employees started leaving amidst all of the self-inflicted turmoil in 2017. so some employees received hefty adjustments upward to align with the bottom of the market equivalent bands. early employees were able to keep what became a generous (generous because of non-retro changes that were made) Uber credit benefit to be used for rides & meals. you get to work with some very smart, capable, driven-by-ambition young people who foresee themselves achieving great things elsewhere.","Zero work /life balance. Internal politics are rife with domain protection and territory management in order to achieve career growth. Total focus on individual achievement and some toxic team dynamics depending on which org you work in. Fringe benefits (meals, Uber credits, (un)limited vacation, facilities, training opportunities) are 2nd class. Institutional sexism and ageism, with less and less transparency as issues are bubbled up to the surface. This has created a cover-up culture that spends heavily on spin and PR. Huge technical debt across several organizations.",Continue towards IPO so current and former employees can exit and move on.,2.0,1.0,2.0,4.0,2.0,3.0
Tue Jan 29 2019 07:20:54 GMT+0000 (Coordinated Universal Time), Expert,Great work environment,"Great hours, amazing administrative team, dependable coworkers",You better be a people person or this job is not for you. Not really a con just a valid statement.,Keep helping to improve the workplace. Everyday experts face challenges that can bring us down but with the help of management these hard days can be eased with your assistance. Check on us as much as you can and continue to strive to make all of our jobs a better more inviting work experience.,5.0,5.0,5.0,4.0,5.0,5.0
Fri Mar 01 2019 19:31:26 GMT+0000 (Coordinated Universal Time),,Arrogant and greedy,"Looks good on a resume, free lunch","They look at their employees like they are disposable and like they don’t matter Uber eats has horrific customer service, makes their restaurants loose money, have no concept of competitive pricing Political nightmare Pay should be better, especially if they think they are Facebook. Facebook pays their employees a competitive salary. You think an hourly wage of $19.50 in downtown San Francisco is acceptable? You have got to be kidding yourselves",Get over yourselves.,1.0,,,,,
Tue Feb 05 2019 15:50:28 GMT+0000 (Coordinated Universal Time), Regional Operations Manager,Uber really underpaies operations manager,Fun work environment and plenty of personal growth opportunities,The career path for ops manager is very limited,,3.0,,,,,
Tue Jan 22 2019 00:23:46 GMT+0000 (Coordinated Universal Time), Research Scientist,A company full of energy and a desire to be better,"Talented and engaged colleagues, chance to contribute to something great, autonomy, great development opportunities, inclusive and friendly culture","Lack of operational consistency and processes, projects may have low impact due to constant change",,5.0,5.0,4.0,4.0,5.0,4.0
Sun Jan 20 2019 01:41:24 GMT+0000 (Coordinated Universal Time), Maintenance Technician,Maintenance technician,Very good company lot to learn.,I can't say there is any.,None,5.0,5.0,5.0,5.0,,
Fri Feb 01 2019 19:36:15 GMT+0000 (Coordinated Universal Time), Software Engineer,Good place to work!,- Very good work life balance since late 2017 - Perks - Nice people,- Food - Promo process too complicated,,4.0,5.0,4.0,4.0,3.0,3.0
Thu Jan 03 2019 11:37:46 GMT+0000 (Coordinated Universal Time), Senior People Analytics Business Partner,Great place to work!,"Intelligent, high-performing colleagues, great culture (totally different than it used to be under TK), amazing benefits and competitive total comp package, and the ability to work on one of the most innovative companies that is changing the world operates on a global scale (for the better!)","Given the growth Uber is still experiencing (both business and headcount), workers have to be agile and plan on adapting to new changes.",Continue to stay focused on what you're currently doing and avoid any unnecessary distractions,5.0,5.0,5.0,5.0,5.0,5.0
Tue Jan 15 2019 06:09:22 GMT+0000 (Coordinated Universal Time),,Account Representative,- Uncapped Commission - Tools to Succeed - Constantly Growing,- Lack of transparency of the C-Level management,Let all employees in on new information,5.0,5.0,5.0,4.0,5.0,3.0
Mon Jan 14 2019 13:32:40 GMT+0000 (Coordinated Universal Time),,Uber,Uber is an exciting and fast-paced work environment. Employees are often afforded a high degree of autonomy to identify cutting-edge solutions for the most interesting and complex problems in transportation.,"The pace can, at times, be grueling. You need to learn how to give yourself space from work when you need it.",,5.0,3.0,5.0,5.0,4.0,5.0
Mon Jan 07 2019 20:27:37 GMT+0000 (Coordinated Universal Time), Operations,Amazing place,"1. super interesting work 2. incredibly smart and capable people 3. great perks (free food, ~$0 medical/dental/vision premiums, uber credits 4. big mission, ambitious company 5. flexible work, good work life balance","Company can be a bit disorganized given multiple city offices and legacy of growth at all cost mentality. Decentralization has its pros and cons. Ops pay is lower than tech, but to be expected",,5.0,5.0,5.0,5.0,4.0,5.0
Tue Jan 08 2019 06:59:00 GMT+0000 (Coordinated Universal Time), Customer Support Manager,I love working at Uber,The culture is extremely welcoming to all. The sense of team is felt through all LOB's. The benefits are amazing also.,Some constraints when trying to apply for a new role in the company.,,5.0,5.0,5.0,5.0,5.0,5.0
Fri Jan 11 2019 08:20:32 GMT+0000 (Coordinated Universal Time),,Senior Ops Manager,Fast Paced and top talent.,"none, it was a great place to work.",,5.0,3.0,3.0,5.0,3.0,3.0
Tue Jan 22 2019 08:40:03 GMT+0000 (Coordinated Universal Time), Customer Support Representative,"Amazing culture, great environment","Amazing culture that is always being reassessed to better fit the current employees, great medical, dental, vision benefits.","Due to it still being a ""new"" company, there are areas of improvement when it comes to HR policies. It can be frustrating when there is not a definite structure in place for some instances that happen and employees are left with unclear answers. In hopes that instances like this will be resolved within the next year.",Please continue to support employees with managers that are up to date with policies and procedures. There is some improvement that can be made with the continuity of information.,4.0,5.0,5.0,4.0,5.0,5.0
Tue Jan 22 2019 14:40:56 GMT+0000 (Coordinated Universal Time), Engineer,Good,Great benefits and flexible scheduling,Be more upfront and honest on all hands,Continue with safety first culture,4.0,4.0,4.0,3.0,4.0,3.0
Wed Jan 09 2019 09:26:20 GMT+0000 (Coordinated Universal Time),,Loving Uber so far!,"-inspirational vision -extremely capable colleagues -big company with a start up atmosphere, anyone can contribute!","-still building infrastructure, but this is a great opportunity to build process at any level",,5.0,5.0,4.0,5.0,3.0,5.0
Wed Jan 02 2019 10:49:32 GMT+0000 (Coordinated Universal Time), Member of Technical Staff,Awesome place to make an impact,1. Re-building a great culture to work in 2. Sense of purpose and mission 3. Conscientious company trying to do right things on many fronts 4. Redefining 21st century work culture with equal opportunity and access to it,1. Not Invented Here syndrome.,1. Keep at it.,5.0,5.0,5.0,5.0,5.0,5.0
Fri Jan 18 2019 10:04:05 GMT+0000 (Coordinated Universal Time),,Uber,The company is rapidly growing and expanding.,There are cultural differences within the company that may prohibit a long term positive environment.,Lead by example. Always provide feedback to employees and acknowledge their efforts.,2.0,,,,,
Thu Jan 03 2019 09:49:58 GMT+0000 (Coordinated Universal Time), Product Design,Great Environment,"Fairly high bar for vetting candidates in design, product management, Engineering and UXR. Driven people and team towards measurable and focused goals. High bar for execution and quality being shipped.",Depending on your team there are some teams still figuring out there footing both process and output. Some people have roles/titles and are not leveled up to what is required for the role they possess.,,5.0,4.0,5.0,4.0,2.0,4.0
